SalesID	OrderID	ProductID	CustomerID	Quantity	SalesAmount	Profit
S00001	O00001	P003	C0164	5	17755	4170
S00002	O00002	P002	C0081	2	572	120
S00003	O00003	P025	C0102	4	18528	4608
S00004	O00004	P009	C0024	3	7494	948
S00005	O00005	P024	C0015	3	4113	2319
S00006	O00006	P026	C0098	1	5412	918
S00007	O00007	P018	C0129	2	8034	1450
S00008	O00008	P016	C0150	1	1788	621
S00009	O00009	P024	C0144	5	6855	3865
S00010	O00010	P013	C0095	5	5300	3050
S00011	O00011	P019	C0033	1	2877	582
S00012	O00012	P014	C0081	3	11637	708
S00013	O00013	P024	C0192	5	6855	3865
S00014	O00014	P030	C0082	3	8073	2778
S00015	O00015	P016	C0072	4	7152	2484
S00016	O00016	P026	C0149	1	5412	918
S00017	O00017	P028	C0148	3	3771	1695
S00018	O00018	P026	C0093	3	16236	2754
S00019	O00019	P018	C0088	5	20085	3625
S00020	O00020	P008	C0176	5	8865	6030
S00021	O00021	P020	C0187	1	2643	552
S00022	O00022	P004	C0183	2	5806	902
S00023	O00023	P021	C0135	1	6175	1259
S00024	O00024	P028	C0131	4	5028	2260
S00025	O00025	P026	C0182	3	16236	2754
S00026	O00026	P014	C0061	4	15516	944
S00027	O00027	P003	C0186	3	10653	2502
S00028	O00028	P013	C0198	5	5300	3050
S00029	O00029	P026	C0131	5	27060	4590
S00030	O00030	P007	C0002	3	8100	4233
S00031	O00031	P029	C0132	3	3750	1077
S00032	O00032	P014	C0133	5	19395	1180
S00033	O00033	P015	C0130	5	6995	5365
S00034	O00034	P001	C0163	4	8248	844
S00035	O00035	P030	C0073	1	2691	926
S00036	O00036	P015	C0069	3	4197	3219
S00037	O00037	P015	C0100	1	1399	1073
S00038	O00038	P001	C0038	2	4124	422
S00039	O00039	P014	C0074	3	11637	708
S00040	O00040	P011	C0111	4	1360	488
S00041	O00041	P014	C0184	1	3879	236
S00042	O00042	P024	C0059	1	1371	773
S00043	O00043	P004	C0199	4	11612	1804
S00044	O00044	P002	C0157	5	1430	300
S00045	O00045	P021	C0013	1	6175	1259
S00046	O00046	P009	C0176	2	4996	632
S00047	O00047	P021	C0174	1	6175	1259
S00048	O00048	P022	C0076	5	19455	4635
S00049	O00049	P004	C0123	2	5806	902
S00050	O00050	P017	C0043	3	9237	4221
S00051	O00051	P021	C0127	5	30875	6295
S00052	O00052	P001	C0027	3	6186	633
S00053	O00053	P025	C0077	1	4632	1152
S00054	O00054	P008	C0181	4	7092	4824
S00055	O00055	P018	C0105	5	20085	3625
S00056	O00056	P014	C0039	3	11637	708
S00057	O00057	P016	C0069	2	3576	1242
S00058	O00058	P011	C0062	2	680	244
S00059	O00059	P005	C0137	1	2784	1373
S00060	O00060	P025	C0166	2	9264	2304
S00061	O00061	P004	C0085	2	5806	902
S00062	O00062	P021	C0023	5	30875	6295
S00063	O00063	P019	C0058	2	5754	1164
S00064	O00064	P001	C0199	3	6186	633
S00065	O00065	P021	C0175	3	18525	3777
S00066	O00066	P004	C0006	3	8709	1353
S00067	O00067	P005	C0198	5	13920	6865
S00068	O00068	P004	C0186	3	8709	1353
S00069	O00069	P012	C0013	1	1723	1125
S00070	O00070	P021	C0185	2	12350	2518
S00071	O00071	P017	C0003	3	9237	4221
S00072	O00072	P030	C0156	3	8073	2778
S00073	O00073	P024	C0159	5	6855	3865
S00074	O00074	P010	C0101	2	10552	2770
S00075	O00075	P017	C0154	1	3079	1407
S00076	O00076	P018	C0071	1	4017	725
S00077	O00077	P016	C0068	2	3576	1242
S00078	O00078	P021	C0018	5	30875	6295
S00079	O00079	P019	C0176	1	2877	582
S00080	O00080	P003	C0040	5	17755	4170
S00081	O00081	P011	C0197	3	1020	366
S00082	O00082	P013	C0113	1	1060	610
S00083	O00083	P018	C0003	1	4017	725
S00084	O00084	P001	C0118	4	8248	844
S00085	O00085	P020	C0104	4	10572	2208
S00086	O00086	P023	C0166	1	6046	1357
S00087	O00087	P017	C0136	3	9237	4221
S00088	O00088	P027	C0122	2	2542	1194
S00089	O00089	P004	C0041	1	2903	451
S00090	O00090	P021	C0169	1	6175	1259
S00091	O00091	P025	C0076	3	13896	3456
S00092	O00092	P005	C0133	1	2784	1373
S00093	O00093	P018	C0045	4	16068	2900
S00094	O00094	P016	C0006	2	3576	1242
S00095	O00095	P008	C0184	1	1773	1206
S00096	O00096	P015	C0174	4	5596	4292
S00097	O00097	P015	C0111	4	5596	4292
S00098	O00098	P005	C0033	1	2784	1373
S00099	O00099	P003	C0168	2	7102	1668
S00100	O00100	P030	C0074	2	5382	1852
S00101	O00101	P015	C0005	4	5596	4292
S00102	O00102	P018	C0002	2	8034	1450
S00103	O00103	P022	C0088	2	7782	1854
S00104	O00104	P013	C0045	5	5300	3050
S00105	O00105	P026	C0061	1	5412	918
S00106	O00106	P018	C0168	1	4017	725
S00107	O00107	P021	C0146	1	6175	1259
S00108	O00108	P027	C0165	4	5084	2388
S00109	O00109	P028	C0006	3	3771	1695
S00110	O00110	P005	C0153	5	13920	6865
S00111	O00111	P026	C0129	4	21648	3672
S00112	O00112	P016	C0052	3	5364	1863
S00113	O00113	P028	C0072	2	2514	1130
S00114	O00114	P009	C0037	3	7494	948
S00115	O00115	P015	C0145	1	1399	1073
S00116	O00116	P003	C0051	5	17755	4170
S00117	O00117	P005	C0148	5	13920	6865
S00118	O00118	P021	C0022	1	6175	1259
S00119	O00119	P013	C0192	4	4240	2440
S00120	O00120	P005	C0153	5	13920	6865
S00121	O00121	P007	C0074	4	10800	5644
S00122	O00122	P023	C0077	2	12092	2714
S00123	O00123	P017	C0023	3	9237	4221
S00124	O00124	P026	C0075	5	27060	4590
S00125	O00125	P020	C0066	1	2643	552
S00126	O00126	P027	C0162	1	1271	597
S00127	O00127	P024	C0063	2	2742	1546
S00128	O00128	P022	C0099	5	19455	4635
S00129	O00129	P001	C0186	1	2062	211
S00130	O00130	P020	C0140	2	5286	1104
S00131	O00131	P022	C0172	5	19455	4635
S00132	O00132	P009	C0103	4	9992	1264
S00133	O00133	P001	C0144	4	8248	844
S00134	O00134	P018	C0187	3	12051	2175
S00135	O00135	P027	C0109	4	5084	2388
S00136	O00136	P028	C0049	5	6285	2825
S00137	O00137	P012	C0060	5	8615	5625
S00138	O00138	P027	C0012	5	6355	2985
S00139	O00139	P019	C0012	5	14385	2910
S00140	O00140	P026	C0103	5	27060	4590
S00141	O00141	P030	C0121	1	2691	926
S00142	O00142	P024	C0151	3	4113	2319
S00143	O00143	P003	C0072	5	17755	4170
S00144	O00144	P019	C0007	5	14385	2910
S00145	O00145	P004	C0004	3	8709	1353
S00146	O00146	P012	C0164	5	8615	5625
S00147	O00147	P015	C0139	3	4197	3219
S00148	O00148	P005	C0055	5	13920	6865
S00149	O00149	P028	C0082	5	6285	2825
S00150	O00150	P012	C0156	1	1723	1125
S00151	O00151	P013	C0194	5	5300	3050
S00152	O00152	P023	C0020	2	12092	2714
S00153	O00153	P018	C0073	3	12051	2175
S00154	O00154	P016	C0185	1	1788	621
S00155	O00155	P011	C0141	3	1020	366
S00156	O00156	P027	C0114	3	3813	1791
S00157	O00157	P006	C0192	5	2150	405
S00158	O00158	P006	C0109	2	860	162
S00159	O00159	P017	C0151	1	3079	1407
S00160	O00160	P015	C0093	3	4197	3219
S00161	O00161	P016	C0004	1	1788	621
S00162	O00162	P008	C0003	1	1773	1206
S00163	O00163	P015	C0054	3	4197	3219
S00164	O00164	P013	C0084	1	1060	610
S00165	O00165	P020	C0176	3	7929	1656
S00166	O00166	P016	C0006	1	1788	621
S00167	O00167	P020	C0171	4	10572	2208
S00168	O00168	P023	C0050	5	30230	6785
S00169	O00169	P028	C0129	4	5028	2260
S00170	O00170	P022	C0069	5	19455	4635
S00171	O00171	P009	C0139	3	7494	948
S00172	O00172	P015	C0118	3	4197	3219
S00173	O00173	P016	C0180	3	5364	1863
S00174	O00174	P004	C0165	3	8709	1353
S00175	O00175	P013	C0079	1	1060	610
S00176	O00176	P007	C0013	1	2700	1411
S00177	O00177	P025	C0033	3	13896	3456
S00178	O00178	P021	C0007	2	12350	2518
S00179	O00179	P030	C0108	5	13455	4630
S00180	O00180	P020	C0060	1	2643	552
S00181	O00181	P013	C0183	4	4240	2440
S00182	O00182	P024	C0191	3	4113	2319
S00183	O00183	P016	C0114	2	3576	1242
S00184	O00184	P011	C0142	5	1700	610
S00185	O00185	P021	C0150	3	18525	3777
S00186	O00186	P003	C0193	4	14204	3336
S00187	O00187	P021	C0192	3	18525	3777
S00188	O00188	P020	C0027	5	13215	2760
S00189	O00189	P007	C0018	1	2700	1411
S00190	O00190	P001	C0015	1	2062	211
S00191	O00191	P018	C0003	2	8034	1450
S00192	O00192	P018	C0149	5	20085	3625
S00193	O00193	P029	C0101	1	1250	359
S00194	O00194	P011	C0010	3	1020	366
S00195	O00195	P017	C0048	1	3079	1407
S00196	O00196	P029	C0078	1	1250	359
S00197	O00197	P005	C0114	2	5568	2746
S00198	O00198	P019	C0015	1	2877	582
S00199	O00199	P002	C0031	2	572	120
S00200	O00200	P008	C0191	3	5319	3618
S00201	O00201	P002	C0185	3	858	180
S00202	O00202	P025	C0117	5	23160	5760
S00203	O00203	P030	C0110	2	5382	1852
S00204	O00204	P004	C0167	2	5806	902
S00205	O00205	P030	C0078	3	8073	2778
S00206	O00206	P011	C0091	4	1360	488
S00207	O00207	P010	C0033	2	10552	2770
S00208	O00208	P024	C0183	2	2742	1546
S00209	O00209	P006	C0035	1	430	81
S00210	O00210	P009	C0044	4	9992	1264
S00211	O00211	P012	C0141	4	6892	4500
S00212	O00212	P022	C0018	2	7782	1854
S00213	O00213	P007	C0186	3	8100	4233
S00214	O00214	P026	C0161	3	16236	2754
S00215	O00215	P002	C0097	3	858	180
S00216	O00216	P019	C0084	4	11508	2328
S00217	O00217	P023	C0075	5	30230	6785
S00218	O00218	P012	C0058	5	8615	5625
S00219	O00219	P010	C0020	5	26380	6925
S00220	O00220	P006	C0122	5	2150	405
S00221	O00221	P007	C0071	2	5400	2822
S00222	O00222	P016	C0042	3	5364	1863
S00223	O00223	P008	C0157	2	3546	2412
S00224	O00224	P011	C0155	2	680	244
S00225	O00225	P002	C0142	1	286	60
S00226	O00226	P016	C0035	1	1788	621
S00227	O00227	P011	C0155	5	1700	610
S00228	O00228	P009	C0019	1	2498	316
S00229	O00229	P011	C0058	3	1020	366
S00230	O00230	P010	C0004	2	10552	2770
S00231	O00231	P030	C0111	5	13455	4630
S00232	O00232	P019	C0127	3	8631	1746
S00233	O00233	P012	C0037	1	1723	1125
S00234	O00234	P028	C0179	2	2514	1130
S00235	O00235	P008	C0179	1	1773	1206
S00236	O00236	P017	C0133	4	12316	5628
S00237	O00237	P019	C0044	4	11508	2328
S00238	O00238	P018	C0186	4	16068	2900
S00239	O00239	P027	C0014	3	3813	1791
S00240	O00240	P028	C0078	1	1257	565
S00241	O00241	P015	C0035	1	1399	1073
S00242	O00242	P016	C0146	4	7152	2484
S00243	O00243	P015	C0016	2	2798	2146
S00244	O00244	P009	C0081	2	4996	632
S00245	O00245	P020	C0190	5	13215	2760
S00246	O00246	P015	C0120	5	6995	5365
S00247	O00247	P010	C0130	5	26380	6925
S00248	O00248	P001	C0175	3	6186	633
S00249	O00249	P006	C0189	5	2150	405
S00250	O00250	P027	C0094	2	2542	1194
S00251	O00251	P013	C0138	2	2120	1220
S00252	O00252	P017	C0115	5	15395	7035
S00253	O00253	P016	C0116	4	7152	2484
S00254	O00254	P006	C0070	1	430	81
S00255	O00255	P015	C0059	3	4197	3219
S00256	O00256	P024	C0014	4	5484	3092
S00257	O00257	P004	C0130	2	5806	902
S00258	O00258	P028	C0190	4	5028	2260
S00259	O00259	P020	C0036	2	5286	1104
S00260	O00260	P023	C0027	1	6046	1357
S00261	O00261	P018	C0096	3	12051	2175
S00262	O00262	P023	C0125	4	24184	5428
S00263	O00263	P019	C0165	4	11508	2328
S00264	O00264	P006	C0126	4	1720	324
S00265	O00265	P018	C0032	3	12051	2175
S00266	O00266	P011	C0163	5	1700	610
S00267	O00267	P016	C0083	4	7152	2484
S00268	O00268	P028	C0052	5	6285	2825
S00269	O00269	P002	C0195	3	858	180
S00270	O00270	P020	C0093	5	13215	2760
S00271	O00271	P013	C0081	4	4240	2440
S00272	O00272	P026	C0155	5	27060	4590
S00273	O00273	P013	C0082	2	2120	1220
S00274	O00274	P003	C0090	4	14204	3336
S00275	O00275	P011	C0193	2	680	244
S00276	O00276	P023	C0164	5	30230	6785
S00277	O00277	P018	C0043	2	8034	1450
S00278	O00278	P005	C0134	4	11136	5492
S00279	O00279	P005	C0153	1	2784	1373
S00280	O00280	P016	C0178	5	8940	3105
S00281	O00281	P018	C0035	4	16068	2900
S00282	O00282	P029	C0072	3	3750	1077
S00283	O00283	P015	C0136	2	2798	2146
S00284	O00284	P023	C0185	3	18138	4071
S00285	O00285	P026	C0019	1	5412	918
S00286	O00286	P023	C0115	5	30230	6785
S00287	O00287	P012	C0111	3	5169	3375
S00288	O00288	P030	C0141	2	5382	1852
S00289	O00289	P001	C0062	2	4124	422
S00290	O00290	P004	C0146	1	2903	451
S00291	O00291	P028	C0111	3	3771	1695
S00292	O00292	P025	C0107	3	13896	3456
S00293	O00293	P030	C0177	5	13455	4630
S00294	O00294	P027	C0031	2	2542	1194
S00295	O00295	P005	C0094	2	5568	2746
S00296	O00296	P003	C0124	5	17755	4170
S00297	O00297	P017	C0155	1	3079	1407
S00298	O00298	P020	C0165	5	13215	2760
S00299	O00299	P027	C0123	3	3813	1791
S00300	O00300	P020	C0152	3	7929	1656
S00301	O00301	P004	C0051	5	14515	2255
S00302	O00302	P003	C0061	3	10653	2502
S00303	O00303	P018	C0110	3	12051	2175
S00304	O00304	P009	C0008	5	12490	1580
S00305	O00305	P025	C0083	4	18528	4608
S00306	O00306	P006	C0132	4	1720	324
S00307	O00307	P011	C0047	5	1700	610
S00308	O00308	P018	C0176	5	20085	3625
S00309	O00309	P001	C0079	1	2062	211
S00310	O00310	P028	C0067	3	3771	1695
S00311	O00311	P015	C0036	1	1399	1073
S00312	O00312	P012	C0139	2	3446	2250
S00313	O00313	P026	C0160	1	5412	918
S00314	O00314	P017	C0186	1	3079	1407
S00315	O00315	P020	C0155	5	13215	2760
S00316	O00316	P011	C0136	5	1700	610
S00317	O00317	P004	C0158	1	2903	451
S00318	O00318	P026	C0193	2	10824	1836
S00319	O00319	P003	C0056	5	17755	4170
S00320	O00320	P020	C0069	2	5286	1104
S00321	O00321	P009	C0153	1	2498	316
S00322	O00322	P014	C0122	4	15516	944
S00323	O00323	P027	C0164	4	5084	2388
S00324	O00324	P006	C0038	2	860	162
S00325	O00325	P011	C0115	2	680	244
S00326	O00326	P004	C0098	4	11612	1804
S00327	O00327	P026	C0199	3	16236	2754
S00328	O00328	P002	C0170	4	1144	240
S00329	O00329	P028	C0060	4	5028	2260
S00330	O00330	P007	C0112	5	13500	7055
S00331	O00331	P019	C0126	1	2877	582
S00332	O00332	P029	C0163	5	6250	1795
S00333	O00333	P001	C0194	4	8248	844
S00334	O00334	P013	C0075	5	5300	3050
S00335	O00335	P009	C0154	4	9992	1264
S00336	O00336	P026	C0084	2	10824	1836
S00337	O00337	P022	C0144	1	3891	927
S00338	O00338	P005	C0073	1	2784	1373
S00339	O00339	P019	C0123	2	5754	1164
S00340	O00340	P013	C0008	1	1060	610
S00341	O00341	P002	C0173	4	1144	240
S00342	O00342	P025	C0089	1	4632	1152
S00343	O00343	P012	C0079	3	5169	3375
S00344	O00344	P028	C0092	3	3771	1695
S00345	O00345	P011	C0064	5	1700	610
S00346	O00346	P010	C0080	5	26380	6925
S00347	O00347	P022	C0002	4	15564	3708
S00348	O00348	P028	C0062	2	2514	1130
S00349	O00349	P006	C0036	5	2150	405
S00350	O00350	P002	C0041	4	1144	240
S00351	O00351	P008	C0198	3	5319	3618
S00352	O00352	P027	C0019	2	2542	1194
S00353	O00353	P001	C0118	5	10310	1055
S00354	O00354	P007	C0029	1	2700	1411
S00355	O00355	P010	C0156	3	15828	4155
S00356	O00356	P001	C0013	1	2062	211
S00357	O00357	P015	C0081	3	4197	3219
S00358	O00358	P001	C0050	2	4124	422
S00359	O00359	P024	C0113	1	1371	773
S00360	O00360	P008	C0003	2	3546	2412
S00361	O00361	P003	C0148	5	17755	4170
S00362	O00362	P009	C0140	3	7494	948
S00363	O00363	P017	C0136	5	15395	7035
S00364	O00364	P016	C0195	5	8940	3105
S00365	O00365	P001	C0135	5	10310	1055
S00366	O00366	P013	C0082	1	1060	610
S00367	O00367	P029	C0129	1	1250	359
S00368	O00368	P013	C0140	5	5300	3050
S00369	O00369	P010	C0050	4	21104	5540
S00370	O00370	P007	C0069	5	13500	7055
S00371	O00371	P006	C0123	1	430	81
S00372	O00372	P027	C0026	1	1271	597
S00373	O00373	P015	C0145	1	1399	1073
S00374	O00374	P017	C0087	4	12316	5628
S00375	O00375	P027	C0111	5	6355	2985
S00376	O00376	P013	C0092	5	5300	3050
S00377	O00377	P022	C0047	5	19455	4635
S00378	O00378	P016	C0151	1	1788	621
S00379	O00379	P012	C0117	5	8615	5625
S00380	O00380	P027	C0071	5	6355	2985
S00381	O00381	P022	C0111	3	11673	2781
S00382	O00382	P013	C0192	1	1060	610
S00383	O00383	P019	C0007	1	2877	582
S00384	O00384	P010	C0057	1	5276	1385
S00385	O00385	P027	C0164	4	5084	2388
S00386	O00386	P016	C0145	5	8940	3105
S00387	O00387	P009	C0005	1	2498	316
S00388	O00388	P020	C0123	3	7929	1656
S00389	O00389	P012	C0058	1	1723	1125
S00390	O00390	P005	C0101	2	5568	2746
S00391	O00391	P011	C0045	1	340	122
S00392	O00392	P002	C0042	4	1144	240
S00393	O00393	P007	C0113	1	2700	1411
S00394	O00394	P009	C0110	4	9992	1264
S00395	O00395	P027	C0121	4	5084	2388
S00396	O00396	P025	C0131	5	23160	5760
S00397	O00397	P012	C0074	4	6892	4500
S00398	O00398	P012	C0062	5	8615	5625
S00399	O00399	P023	C0068	4	24184	5428
S00400	O00400	P001	C0126	2	4124	422
S00401	O00401	P013	C0029	1	1060	610
S00402	O00402	P024	C0141	4	5484	3092
S00403	O00403	P016	C0136	2	3576	1242
S00404	O00404	P029	C0087	3	3750	1077
S00405	O00405	P008	C0022	4	7092	4824
S00406	O00406	P009	C0151	2	4996	632
S00407	O00407	P003	C0097	5	17755	4170
S00408	O00408	P024	C0196	1	1371	773
S00409	O00409	P020	C0092	5	13215	2760
S00410	O00410	P005	C0192	4	11136	5492
S00411	O00411	P003	C0137	1	3551	834
S00412	O00412	P015	C0102	5	6995	5365
S00413	O00413	P029	C0124	3	3750	1077
S00414	O00414	P005	C0199	5	13920	6865
S00415	O00415	P001	C0017	2	4124	422
S00416	O00416	P018	C0183	5	20085	3625
S00417	O00417	P013	C0143	1	1060	610
S00418	O00418	P024	C0187	3	4113	2319
S00419	O00419	P023	C0162	4	24184	5428
S00420	O00420	P020	C0178	4	10572	2208
S00421	O00421	P030	C0081	4	10764	3704
S00422	O00422	P023	C0176	1	6046	1357
S00423	O00423	P001	C0005	5	10310	1055
S00424	O00424	P002	C0189	2	572	120
S00425	O00425	P027	C0106	2	2542	1194
S00426	O00426	P009	C0153	1	2498	316
S00427	O00427	P011	C0038	2	680	244
S00428	O00428	P005	C0170	5	13920	6865
S00429	O00429	P009	C0101	4	9992	1264
S00430	O00430	P027	C0041	3	3813	1791
S00431	O00431	P004	C0003	1	2903	451
S00432	O00432	P002	C0061	2	572	120
S00433	O00433	P022	C0149	1	3891	927
S00434	O00434	P004	C0089	1	2903	451
S00435	O00435	P018	C0041	5	20085	3625
S00436	O00436	P027	C0102	5	6355	2985
S00437	O00437	P026	C0162	1	5412	918
S00438	O00438	P003	C0116	1	3551	834
S00439	O00439	P019	C0079	5	14385	2910
S00440	O00440	P008	C0166	3	5319	3618
S00441	O00441	P028	C0094	4	5028	2260
S00442	O00442	P004	C0071	3	8709	1353
S00443	O00443	P018	C0037	2	8034	1450
S00444	O00444	P021	C0092	2	12350	2518
S00445	O00445	P015	C0160	1	1399	1073
S00446	O00446	P017	C0184	3	9237	4221
S00447	O00447	P012	C0097	3	5169	3375
S00448	O00448	P025	C0110	4	18528	4608
S00449	O00449	P004	C0057	4	11612	1804
S00450	O00450	P022	C0133	2	7782	1854
S00451	O00451	P011	C0181	3	1020	366
S00452	O00452	P009	C0057	4	9992	1264
S00453	O00453	P007	C0179	3	8100	4233
S00454	O00454	P012	C0177	2	3446	2250
S00455	O00455	P011	C0147	4	1360	488
S00456	O00456	P025	C0104	5	23160	5760
S00457	O00457	P008	C0112	5	8865	6030
S00458	O00458	P020	C0028	5	13215	2760
S00459	O00459	P029	C0198	5	6250	1795
S00460	O00460	P001	C0160	1	2062	211
S00461	O00461	P022	C0122	4	15564	3708
S00462	O00462	P022	C0183	4	15564	3708
S00463	O00463	P002	C0200	3	858	180
S00464	O00464	P016	C0078	2	3576	1242
S00465	O00465	P009	C0054	1	2498	316
S00466	O00466	P010	C0128	3	15828	4155
S00467	O00467	P009	C0039	4	9992	1264
S00468	O00468	P002	C0099	1	286	60
S00469	O00469	P010	C0191	1	5276	1385
S00470	O00470	P030	C0034	1	2691	926
S00471	O00471	P014	C0133	2	7758	472
S00472	O00472	P015	C0168	1	1399	1073
S00473	O00473	P028	C0054	4	5028	2260
S00474	O00474	P016	C0010	4	7152	2484
S00475	O00475	P008	C0013	3	5319	3618
S00476	O00476	P007	C0154	5	13500	7055
S00477	O00477	P006	C0168	2	860	162
S00478	O00478	P013	C0174	2	2120	1220
S00479	O00479	P025	C0067	1	4632	1152
S00480	O00480	P014	C0178	3	11637	708
S00481	O00481	P027	C0045	3	3813	1791
S00482	O00482	P001	C0142	5	10310	1055
S00483	O00483	P009	C0025	2	4996	632
S00484	O00484	P013	C0165	5	5300	3050
S00485	O00485	P001	C0172	5	10310	1055
S00486	O00486	P030	C0190	4	10764	3704
S00487	O00487	P020	C0024	4	10572	2208
S00488	O00488	P017	C0050	5	15395	7035
S00489	O00489	P009	C0159	2	4996	632
S00490	O00490	P021	C0129	2	12350	2518
S00491	O00491	P007	C0027	3	8100	4233
S00492	O00492	P021	C0042	1	6175	1259
S00493	O00493	P021	C0055	3	18525	3777
S00494	O00494	P016	C0185	4	7152	2484
S00495	O00495	P007	C0159	3	8100	4233
S00496	O00496	P026	C0040	5	27060	4590
S00497	O00497	P009	C0019	1	2498	316
S00498	O00498	P009	C0011	3	7494	948
S00499	O00499	P026	C0127	4	21648	3672
S00500	O00500	P016	C0185	2	3576	1242
S00501	O00501	P024	C0021	2	2742	1546
S00502	O00502	P013	C0181	1	1060	610
S00503	O00503	P004	C0052	2	5806	902
S00504	O00504	P020	C0057	1	2643	552
S00505	O00505	P028	C0198	2	2514	1130
S00506	O00506	P002	C0048	5	1430	300
S00507	O00507	P009	C0031	5	12490	1580
S00508	O00508	P002	C0055	3	858	180
S00509	O00509	P014	C0151	3	11637	708
S00510	O00510	P014	C0155	2	7758	472
S00511	O00511	P003	C0155	4	14204	3336
S00512	O00512	P029	C0063	2	2500	718
S00513	O00513	P025	C0198	5	23160	5760
S00514	O00514	P006	C0072	5	2150	405
S00515	O00515	P018	C0182	2	8034	1450
S00516	O00516	P024	C0112	4	5484	3092
S00517	O00517	P011	C0101	5	1700	610
S00518	O00518	P015	C0159	2	2798	2146
S00519	O00519	P015	C0040	2	2798	2146
S00520	O00520	P005	C0054	5	13920	6865
S00521	O00521	P008	C0168	4	7092	4824
S00522	O00522	P002	C0184	4	1144	240
S00523	O00523	P024	C0080	3	4113	2319
S00524	O00524	P014	C0084	2	7758	472
S00525	O00525	P013	C0190	2	2120	1220
S00526	O00526	P018	C0095	4	16068	2900
S00527	O00527	P008	C0100	5	8865	6030
S00528	O00528	P029	C0168	2	2500	718
S00529	O00529	P006	C0180	4	1720	324
S00530	O00530	P023	C0098	1	6046	1357
S00531	O00531	P012	C0124	2	3446	2250
S00532	O00532	P007	C0124	2	5400	2822
S00533	O00533	P023	C0165	3	18138	4071
S00534	O00534	P025	C0061	2	9264	2304
S00535	O00535	P002	C0195	5	1430	300
S00536	O00536	P018	C0117	1	4017	725
S00537	O00537	P026	C0012	2	10824	1836
S00538	O00538	P007	C0192	4	10800	5644
S00539	O00539	P010	C0003	2	10552	2770
S00540	O00540	P015	C0025	4	5596	4292
S00541	O00541	P021	C0189	2	12350	2518
S00542	O00542	P001	C0014	2	4124	422
S00543	O00543	P026	C0069	5	27060	4590
S00544	O00544	P005	C0004	4	11136	5492
S00545	O00545	P004	C0099	3	8709	1353
S00546	O00546	P014	C0150	5	19395	1180
S00547	O00547	P016	C0200	2	3576	1242
S00548	O00548	P021	C0143	5	30875	6295
S00549	O00549	P023	C0157	3	18138	4071
S00550	O00550	P029	C0177	1	1250	359
S00551	O00551	P012	C0070	1	1723	1125
S00552	O00552	P023	C0117	4	24184	5428
S00553	O00553	P014	C0101	3	11637	708
S00554	O00554	P009	C0048	1	2498	316
S00555	O00555	P002	C0128	1	286	60
S00556	O00556	P008	C0164	2	3546	2412
S00557	O00557	P019	C0057	5	14385	2910
S00558	O00558	P029	C0024	3	3750	1077
S00559	O00559	P007	C0060	3	8100	4233
S00560	O00560	P012	C0147	2	3446	2250
S00561	O00561	P022	C0048	4	15564	3708
S00562	O00562	P003	C0017	3	10653	2502
S00563	O00563	P014	C0084	5	19395	1180
S00564	O00564	P024	C0135	4	5484	3092
S00565	O00565	P001	C0085	2	4124	422
S00566	O00566	P009	C0050	5	12490	1580
S00567	O00567	P022	C0015	1	3891	927
S00568	O00568	P023	C0047	5	30230	6785
S00569	O00569	P002	C0111	2	572	120
S00570	O00570	P013	C0191	1	1060	610
S00571	O00571	P014	C0060	4	15516	944
S00572	O00572	P006	C0134	1	430	81
S00573	O00573	P008	C0061	5	8865	6030
S00574	O00574	P001	C0061	2	4124	422
S00575	O00575	P026	C0024	1	5412	918
S00576	O00576	P011	C0093	2	680	244
S00577	O00577	P028	C0153	1	1257	565
S00578	O00578	P021	C0188	3	18525	3777
S00579	O00579	P026	C0079	4	21648	3672
S00580	O00580	P022	C0150	1	3891	927
S00581	O00581	P021	C0032	1	6175	1259
S00582	O00582	P007	C0088	3	8100	4233
S00583	O00583	P023	C0147	5	30230	6785
S00584	O00584	P024	C0022	1	1371	773
S00585	O00585	P024	C0053	3	4113	2319
S00586	O00586	P013	C0171	4	4240	2440
S00587	O00587	P010	C0004	3	15828	4155
S00588	O00588	P024	C0152	1	1371	773
S00589	O00589	P014	C0056	1	3879	236
S00590	O00590	P012	C0109	5	8615	5625
S00591	O00591	P019	C0012	2	5754	1164
S00592	O00592	P005	C0122	1	2784	1373
S00593	O00593	P014	C0089	3	11637	708
S00594	O00594	P029	C0148	4	5000	1436
S00595	O00595	P009	C0073	4	9992	1264
S00596	O00596	P022	C0175	3	11673	2781
S00597	O00597	P006	C0040	3	1290	243
S00598	O00598	P008	C0102	2	3546	2412
S00599	O00599	P024	C0155	4	5484	3092
S00600	O00600	P001	C0069	3	6186	633
S00601	O00601	P022	C0190	3	11673	2781
S00602	O00602	P029	C0025	2	2500	718
S00603	O00603	P021	C0092	3	18525	3777
S00604	O00604	P012	C0009	3	5169	3375
S00605	O00605	P017	C0074	3	9237	4221
S00606	O00606	P013	C0034	3	3180	1830
S00607	O00607	P025	C0007	3	13896	3456
S00608	O00608	P001	C0146	4	8248	844
S00609	O00609	P004	C0100	1	2903	451
S00610	O00610	P012	C0055	5	8615	5625
S00611	O00611	P007	C0082	1	2700	1411
S00612	O00612	P021	C0111	5	30875	6295
S00613	O00613	P010	C0133	1	5276	1385
S00614	O00614	P029	C0199	2	2500	718
S00615	O00615	P020	C0152	3	7929	1656
S00616	O00616	P028	C0041	2	2514	1130
S00617	O00617	P019	C0143	1	2877	582
S00618	O00618	P013	C0114	3	3180	1830
S00619	O00619	P006	C0001	3	1290	243
S00620	O00620	P028	C0054	2	2514	1130
S00621	O00621	P017	C0125	5	15395	7035
S00622	O00622	P021	C0140	5	30875	6295
S00623	O00623	P022	C0033	2	7782	1854
S00624	O00624	P015	C0036	2	2798	2146
S00625	O00625	P023	C0089	2	12092	2714
S00626	O00626	P016	C0199	3	5364	1863
S00627	O00627	P027	C0170	5	6355	2985
S00628	O00628	P028	C0001	1	1257	565
S00629	O00629	P002	C0065	2	572	120
S00630	O00630	P029	C0170	3	3750	1077
S00631	O00631	P012	C0021	1	1723	1125
S00632	O00632	P001	C0027	1	2062	211
S00633	O00633	P003	C0052	2	7102	1668
S00634	O00634	P026	C0180	5	27060	4590
S00635	O00635	P002	C0116	1	286	60
S00636	O00636	P001	C0081	2	4124	422
S00637	O00637	P030	C0168	5	13455	4630
S00638	O00638	P010	C0034	1	5276	1385
S00639	O00639	P019	C0063	5	14385	2910
S00640	O00640	P012	C0146	2	3446	2250
S00641	O00641	P013	C0060	3	3180	1830
S00642	O00642	P004	C0137	3	8709	1353
S00643	O00643	P025	C0164	1	4632	1152
S00644	O00644	P023	C0076	4	24184	5428
S00645	O00645	P028	C0123	5	6285	2825
S00646	O00646	P014	C0036	2	7758	472
S00647	O00647	P027	C0063	1	1271	597
S00648	O00648	P014	C0055	3	11637	708
S00649	O00649	P020	C0169	5	13215	2760
S00650	O00650	P009	C0175	2	4996	632
S00651	O00651	P027	C0027	1	1271	597
S00652	O00652	P027	C0078	3	3813	1791
S00653	O00653	P009	C0153	3	7494	948
S00654	O00654	P012	C0004	2	3446	2250
S00655	O00655	P020	C0058	3	7929	1656
S00656	O00656	P014	C0051	2	7758	472
S00657	O00657	P002	C0022	5	1430	300
S00658	O00658	P012	C0180	3	5169	3375
S00659	O00659	P009	C0078	1	2498	316
S00660	O00660	P027	C0082	4	5084	2388
S00661	O00661	P006	C0057	5	2150	405
S00662	O00662	P007	C0081	1	2700	1411
S00663	O00663	P020	C0065	2	5286	1104
S00664	O00664	P028	C0147	2	2514	1130
S00665	O00665	P017	C0079	2	6158	2814
S00666	O00666	P030	C0130	4	10764	3704
S00667	O00667	P015	C0106	1	1399	1073
S00668	O00668	P002	C0154	3	858	180
S00669	O00669	P018	C0036	1	4017	725
S00670	O00670	P024	C0078	4	5484	3092
S00671	O00671	P003	C0134	4	14204	3336
S00672	O00672	P020	C0104	3	7929	1656
S00673	O00673	P005	C0136	1	2784	1373
S00674	O00674	P012	C0179	4	6892	4500
S00675	O00675	P025	C0109	1	4632	1152
S00676	O00676	P009	C0176	3	7494	948
S00677	O00677	P015	C0122	3	4197	3219
S00678	O00678	P026	C0039	2	10824	1836
S00679	O00679	P019	C0110	4	11508	2328
S00680	O00680	P016	C0089	2	3576	1242
S00681	O00681	P029	C0039	2	2500	718
S00682	O00682	P019	C0145	3	8631	1746
S00683	O00683	P009	C0078	2	4996	632
S00684	O00684	P027	C0021	3	3813	1791
S00685	O00685	P014	C0012	3	11637	708
S00686	O00686	P007	C0038	4	10800	5644
S00687	O00687	P021	C0121	5	30875	6295
S00688	O00688	P028	C0040	1	1257	565
S00689	O00689	P024	C0165	3	4113	2319
S00690	O00690	P007	C0021	1	2700	1411
S00691	O00691	P027	C0077	4	5084	2388
S00692	O00692	P022	C0031	3	11673	2781
S00693	O00693	P020	C0028	3	7929	1656
S00694	O00694	P029	C0103	4	5000	1436
S00695	O00695	P016	C0037	1	1788	621
S00696	O00696	P029	C0002	4	5000	1436
S00697	O00697	P016	C0053	2	3576	1242
S00698	O00698	P002	C0158	5	1430	300
S00699	O00699	P016	C0119	3	5364	1863
S00700	O00700	P002	C0089	3	858	180
S00701	O00701	P023	C0184	4	24184	5428
S00702	O00702	P016	C0069	4	7152	2484
S00703	O00703	P016	C0021	5	8940	3105
S00704	O00704	P019	C0182	2	5754	1164
S00705	O00705	P014	C0025	5	19395	1180
S00706	O00706	P020	C0174	1	2643	552
S00707	O00707	P022	C0032	5	19455	4635
S00708	O00708	P014	C0020	4	15516	944
S00709	O00709	P020	C0102	5	13215	2760
S00710	O00710	P028	C0100	1	1257	565
S00711	O00711	P022	C0068	1	3891	927
S00712	O00712	P029	C0002	3	3750	1077
S00713	O00713	P020	C0113	1	2643	552
S00714	O00714	P028	C0032	4	5028	2260
S00715	O00715	P016	C0130	4	7152	2484
S00716	O00716	P019	C0036	5	14385	2910
S00717	O00717	P008	C0151	2	3546	2412
S00718	O00718	P026	C0118	3	16236	2754
S00719	O00719	P014	C0001	2	7758	472
S00720	O00720	P017	C0197	3	9237	4221
S00721	O00721	P005	C0066	5	13920	6865
S00722	O00722	P029	C0065	1	1250	359
S00723	O00723	P012	C0114	4	6892	4500
S00724	O00724	P027	C0008	1	1271	597
S00725	O00725	P012	C0006	1	1723	1125
S00726	O00726	P005	C0060	4	11136	5492
S00727	O00727	P016	C0194	3	5364	1863
S00728	O00728	P015	C0167	5	6995	5365
S00729	O00729	P010	C0003	4	21104	5540
S00730	O00730	P003	C0079	3	10653	2502
S00731	O00731	P024	C0078	2	2742	1546
S00732	O00732	P020	C0092	3	7929	1656
S00733	O00733	P015	C0043	5	6995	5365
S00734	O00734	P011	C0087	3	1020	366
S00735	O00735	P021	C0055	1	6175	1259
S00736	O00736	P008	C0073	5	8865	6030
S00737	O00737	P028	C0039	2	2514	1130
S00738	O00738	P015	C0044	3	4197	3219
S00739	O00739	P023	C0092	3	18138	4071
S00740	O00740	P008	C0014	1	1773	1206
S00741	O00741	P004	C0082	3	8709	1353
S00742	O00742	P004	C0068	1	2903	451
S00743	O00743	P011	C0015	2	680	244
S00744	O00744	P001	C0064	3	6186	633
S00745	O00745	P019	C0087	1	2877	582
S00746	O00746	P005	C0095	3	8352	4119
S00747	O00747	P020	C0089	5	13215	2760
S00748	O00748	P003	C0061	3	10653	2502
S00749	O00749	P012	C0153	2	3446	2250
S00750	O00750	P023	C0043	4	24184	5428
S00751	O00751	P014	C0021	1	3879	236
S00752	O00752	P009	C0078	5	12490	1580
S00753	O00753	P012	C0169	4	6892	4500
S00754	O00754	P011	C0151	2	680	244
S00755	O00755	P002	C0154	4	1144	240
S00756	O00756	P030	C0053	3	8073	2778
S00757	O00757	P002	C0012	4	1144	240
S00758	O00758	P007	C0194	3	8100	4233
S00759	O00759	P011	C0031	2	680	244
S00760	O00760	P007	C0107	4	10800	5644
S00761	O00761	P001	C0100	4	8248	844
S00762	O00762	P017	C0195	4	12316	5628
S00763	O00763	P022	C0196	5	19455	4635
S00764	O00764	P025	C0097	3	13896	3456
S00765	O00765	P017	C0194	3	9237	4221
S00766	O00766	P006	C0038	5	2150	405
S00767	O00767	P016	C0181	4	7152	2484
S00768	O00768	P008	C0021	3	5319	3618
S00769	O00769	P023	C0092	3	18138	4071
S00770	O00770	P030	C0175	4	10764	3704
S00771	O00771	P019	C0038	3	8631	1746
S00772	O00772	P030	C0014	5	13455	4630
S00773	O00773	P023	C0169	4	24184	5428
S00774	O00774	P030	C0058	4	10764	3704
S00775	O00775	P015	C0024	5	6995	5365
S00776	O00776	P015	C0118	2	2798	2146
S00777	O00777	P012	C0136	4	6892	4500
S00778	O00778	P015	C0085	5	6995	5365
S00779	O00779	P009	C0058	3	7494	948
S00780	O00780	P012	C0092	1	1723	1125
S00781	O00781	P022	C0089	5	19455	4635
S00782	O00782	P003	C0118	1	3551	834
S00783	O00783	P014	C0055	5	19395	1180
S00784	O00784	P013	C0107	5	5300	3050
S00785	O00785	P014	C0024	2	7758	472
S00786	O00786	P028	C0092	5	6285	2825
S00787	O00787	P028	C0063	4	5028	2260
S00788	O00788	P003	C0034	4	14204	3336
S00789	O00789	P023	C0033	4	24184	5428
S00790	O00790	P009	C0156	5	12490	1580
S00791	O00791	P030	C0144	5	13455	4630
S00792	O00792	P018	C0171	2	8034	1450
S00793	O00793	P022	C0086	4	15564	3708
S00794	O00794	P007	C0084	4	10800	5644
S00795	O00795	P021	C0002	1	6175	1259
S00796	O00796	P013	C0148	1	1060	610
S00797	O00797	P027	C0024	2	2542	1194
S00798	O00798	P028	C0142	3	3771	1695
S00799	O00799	P012	C0160	2	3446	2250
S00800	O00800	P016	C0004	5	8940	3105
S00801	O00801	P015	C0103	3	4197	3219
S00802	O00802	P022	C0197	5	19455	4635
S00803	O00803	P008	C0058	5	8865	6030
S00804	O00804	P001	C0022	2	4124	422
S00805	O00805	P018	C0042	1	4017	725
S00806	O00806	P029	C0151	3	3750	1077
S00807	O00807	P020	C0001	5	13215	2760
S00808	O00808	P006	C0001	1	430	81
S00809	O00809	P007	C0169	2	5400	2822
S00810	O00810	P019	C0107	4	11508	2328
S00811	O00811	P007	C0161	1	2700	1411
S00812	O00812	P020	C0101	3	7929	1656
S00813	O00813	P029	C0042	5	6250	1795
S00814	O00814	P006	C0115	3	1290	243
S00815	O00815	P023	C0147	1	6046	1357
S00816	O00816	P026	C0062	4	21648	3672
S00817	O00817	P029	C0126	4	5000	1436
S00818	O00818	P002	C0081	2	572	120
S00819	O00819	P018	C0032	1	4017	725
S00820	O00820	P015	C0154	1	1399	1073
S00821	O00821	P023	C0140	2	12092	2714
S00822	O00822	P020	C0132	4	10572	2208
S00823	O00823	P022	C0163	3	11673	2781
S00824	O00824	P026	C0170	5	27060	4590
S00825	O00825	P009	C0022	4	9992	1264
S00826	O00826	P030	C0009	4	10764	3704
S00827	O00827	P002	C0053	3	858	180
S00828	O00828	P028	C0169	5	6285	2825
S00829	O00829	P022	C0109	3	11673	2781
S00830	O00830	P015	C0059	4	5596	4292
S00831	O00831	P022	C0199	1	3891	927
S00832	O00832	P017	C0184	4	12316	5628
S00833	O00833	P028	C0081	2	2514	1130
S00834	O00834	P013	C0054	5	5300	3050
S00835	O00835	P004	C0055	2	5806	902
S00836	O00836	P024	C0151	2	2742	1546
S00837	O00837	P025	C0042	1	4632	1152
S00838	O00838	P025	C0035	4	18528	4608
S00839	O00839	P011	C0016	2	680	244
S00840	O00840	P017	C0128	5	15395	7035
S00841	O00841	P027	C0003	3	3813	1791
S00842	O00842	P001	C0166	4	8248	844
S00843	O00843	P006	C0036	3	1290	243
S00844	O00844	P007	C0160	5	13500	7055
S00845	O00845	P013	C0156	3	3180	1830
S00846	O00846	P013	C0173	1	1060	610
S00847	O00847	P006	C0080	1	430	81
S00848	O00848	P020	C0089	5	13215	2760
S00849	O00849	P026	C0107	1	5412	918
S00850	O00850	P029	C0119	3	3750	1077
S00851	O00851	P001	C0034	4	8248	844
S00852	O00852	P013	C0177	2	2120	1220
S00853	O00853	P021	C0063	4	24700	5036
S00854	O00854	P028	C0021	1	1257	565
S00855	O00855	P016	C0093	2	3576	1242
S00856	O00856	P027	C0118	4	5084	2388
S00857	O00857	P008	C0027	3	5319	3618
S00858	O00858	P014	C0053	3	11637	708
S00859	O00859	P015	C0162	2	2798	2146
S00860	O00860	P011	C0139	1	340	122
S00861	O00861	P024	C0129	5	6855	3865
S00862	O00862	P003	C0029	4	14204	3336
S00863	O00863	P023	C0178	5	30230	6785
S00864	O00864	P028	C0046	1	1257	565
S00865	O00865	P027	C0059	4	5084	2388
S00866	O00866	P004	C0102	3	8709	1353
S00867	O00867	P014	C0151	4	15516	944
S00868	O00868	P023	C0143	5	30230	6785
S00869	O00869	P008	C0034	1	1773	1206
S00870	O00870	P009	C0119	5	12490	1580
S00871	O00871	P019	C0094	1	2877	582
S00872	O00872	P012	C0162	3	5169	3375
S00873	O00873	P017	C0075	1	3079	1407
S00874	O00874	P022	C0024	5	19455	4635
S00875	O00875	P011	C0134	3	1020	366
S00876	O00876	P021	C0152	2	12350	2518
S00877	O00877	P021	C0081	2	12350	2518
S00878	O00878	P007	C0196	1	2700	1411
S00879	O00879	P007	C0112	2	5400	2822
S00880	O00880	P029	C0016	4	5000	1436
S00881	O00881	P005	C0154	4	11136	5492
S00882	O00882	P001	C0162	4	8248	844
S00883	O00883	P028	C0111	5	6285	2825
S00884	O00884	P008	C0076	4	7092	4824
S00885	O00885	P014	C0016	5	19395	1180
S00886	O00886	P007	C0085	2	5400	2822
S00887	O00887	P012	C0094	3	5169	3375
S00888	O00888	P002	C0037	3	858	180
S00889	O00889	P005	C0033	2	5568	2746
S00890	O00890	P014	C0051	3	11637	708
S00891	O00891	P001	C0118	5	10310	1055
S00892	O00892	P024	C0009	2	2742	1546
S00893	O00893	P007	C0194	1	2700	1411
S00894	O00894	P030	C0139	4	10764	3704
S00895	O00895	P015	C0113	5	6995	5365
S00896	O00896	P008	C0077	1	1773	1206
S00897	O00897	P025	C0168	4	18528	4608
S00898	O00898	P018	C0060	2	8034	1450
S00899	O00899	P024	C0176	1	1371	773
S00900	O00900	P026	C0155	4	21648	3672
S00901	O00901	P006	C0073	5	2150	405
S00902	O00902	P023	C0067	5	30230	6785
S00903	O00903	P002	C0164	3	858	180
S00904	O00904	P022	C0045	1	3891	927
S00905	O00905	P030	C0093	4	10764	3704
S00906	O00906	P015	C0020	4	5596	4292
S00907	O00907	P012	C0021	1	1723	1125
S00908	O00908	P013	C0148	2	2120	1220
S00909	O00909	P017	C0090	4	12316	5628
S00910	O00910	P006	C0175	5	2150	405
S00911	O00911	P004	C0159	5	14515	2255
S00912	O00912	P019	C0190	3	8631	1746
S00913	O00913	P015	C0137	5	6995	5365
S00914	O00914	P027	C0020	3	3813	1791
S00915	O00915	P019	C0126	3	8631	1746
S00916	O00916	P008	C0112	2	3546	2412
S00917	O00917	P022	C0103	2	7782	1854
S00918	O00918	P008	C0197	3	5319	3618
S00919	O00919	P008	C0034	4	7092	4824
S00920	O00920	P019	C0131	4	11508	2328
S00921	O00921	P019	C0145	3	8631	1746
S00922	O00922	P021	C0005	1	6175	1259
S00923	O00923	P011	C0115	2	680	244
S00924	O00924	P022	C0055	2	7782	1854
S00925	O00925	P009	C0072	2	4996	632
S00926	O00926	P018	C0156	1	4017	725
S00927	O00927	P004	C0063	4	11612	1804
S00928	O00928	P004	C0043	3	8709	1353
S00929	O00929	P026	C0025	4	21648	3672
S00930	O00930	P019	C0065	5	14385	2910
S00931	O00931	P026	C0175	4	21648	3672
S00932	O00932	P015	C0145	1	1399	1073
S00933	O00933	P018	C0148	1	4017	725
S00934	O00934	P028	C0097	1	1257	565
S00935	O00935	P022	C0101	4	15564	3708
S00936	O00936	P002	C0103	3	858	180
S00937	O00937	P001	C0116	2	4124	422
S00938	O00938	P004	C0054	4	11612	1804
S00939	O00939	P001	C0112	3	6186	633
S00940	O00940	P025	C0034	5	23160	5760
S00941	O00941	P027	C0097	3	3813	1791
S00942	O00942	P005	C0182	4	11136	5492
S00943	O00943	P010	C0150	1	5276	1385
S00944	O00944	P030	C0023	2	5382	1852
S00945	O00945	P027	C0068	4	5084	2388
S00946	O00946	P029	C0198	1	1250	359
S00947	O00947	P005	C0063	1	2784	1373
S00948	O00948	P016	C0081	5	8940	3105
S00949	O00949	P013	C0140	2	2120	1220
S00950	O00950	P013	C0142	2	2120	1220
S00951	O00951	P014	C0081	4	15516	944
S00952	O00952	P019	C0029	1	2877	582
S00953	O00953	P025	C0128	5	23160	5760
S00954	O00954	P003	C0068	5	17755	4170
S00955	O00955	P008	C0143	3	5319	3618
S00956	O00956	P012	C0119	2	3446	2250
S00957	O00957	P016	C0115	1	1788	621
S00958	O00958	P024	C0168	3	4113	2319
S00959	O00959	P028	C0171	5	6285	2825
S00960	O00960	P012	C0180	1	1723	1125
S00961	O00961	P022	C0094	5	19455	4635
S00962	O00962	P001	C0133	4	8248	844
S00963	O00963	P015	C0046	1	1399	1073
S00964	O00964	P013	C0036	2	2120	1220
S00965	O00965	P023	C0070	4	24184	5428
S00966	O00966	P021	C0031	2	12350	2518
S00967	O00967	P008	C0047	3	5319	3618
S00968	O00968	P020	C0002	2	5286	1104
S00969	O00969	P013	C0158	3	3180	1830
S00970	O00970	P004	C0097	5	14515	2255
S00971	O00971	P024	C0115	2	2742	1546
S00972	O00972	P008	C0120	1	1773	1206
S00973	O00973	P026	C0064	2	10824	1836
S00974	O00974	P017	C0147	2	6158	2814
S00975	O00975	P005	C0106	4	11136	5492
S00976	O00976	P028	C0044	5	6285	2825
S00977	O00977	P012	C0069	5	8615	5625
S00978	O00978	P018	C0027	1	4017	725
S00979	O00979	P005	C0190	4	11136	5492
S00980	O00980	P025	C0006	5	23160	5760
S00981	O00981	P007	C0013	4	10800	5644
S00982	O00982	P018	C0127	5	20085	3625
S00983	O00983	P025	C0196	2	9264	2304
S00984	O00984	P003	C0002	4	14204	3336
S00985	O00985	P021	C0071	5	30875	6295
S00986	O00986	P002	C0116	4	1144	240
S00987	O00987	P012	C0075	2	3446	2250
S00988	O00988	P002	C0121	5	1430	300
S00989	O00989	P024	C0110	2	2742	1546
S00990	O00990	P018	C0176	5	20085	3625
S00991	O00991	P017	C0109	4	12316	5628
S00992	O00992	P017	C0046	5	15395	7035
S00993	O00993	P003	C0027	4	14204	3336
S00994	O00994	P022	C0147	3	11673	2781
S00995	O00995	P001	C0152	2	4124	422
S00996	O00996	P003	C0069	2	7102	1668
S00997	O00997	P028	C0089	2	2514	1130
S00998	O00998	P027	C0060	1	1271	597
S00999	O00999	P005	C0149	5	13920	6865
S01000	O01000	P022	C0086	4	15564	3708
